Customer_ID,Age,Gender,Income_Level,Location,Purchase_Category,Purchase_Amount,Frequency_of_Purchase,Purchase_Channel,Brand_Loyalty,Product_Rating,Social_Media_Influence,Discount_Used,Customer_Loyalty_Program_Member,Purchase_Intent
37-611-6911,22,Female,Middle,Surabaya,Gardening & Outdoors,5173900,4,Mixed,5,5,None,TRUE,FALSE,Need-based
29-392-9296,49,Male,High,Bandung,Food & Beverages,3444410,11,In-Store,3,1,Medium,TRUE,FALSE,Wants-based
84-649-5117,24,Female,Middle,Papua,Office Supplies,6606410,2,Mixed,5,5,Low,TRUE,TRUE,Impulsive
48-980-6078,29,Female,Middle,Surabaya,Home Appliances,1570305,6,Mixed,3,1,High,TRUE,TRUE,Need-based
91-170-9072,33,Female,Middle,Bandung,Furniture,3281350,6,Mixed,3,4,Medium,FALSE,FALSE,Wants-based
82-561-4233,45,Male,Middle,Medan,Office Supplies,7563225,8,Mixed,3,3,High,FALSE,FALSE,Planned
90-144-9193,21,Female,Middle,Papua,Furniture,7539200,2,Online,2,5,High,TRUE,FALSE,Need-based
88-661-4689,39,Male,Middle,Papua,Books,3379930,6,Online,5,4,Low,FALSE,TRUE,Impulsive
37-065-3182,24,Female,High,Makassar,Office Supplies,3130380,8,In-Store,3,5,Low,FALSE,FALSE,Need-based
84-894-9222,25,Female,High,Medan,Sports & Outdoors,6491865,7,Online,2,5,None,TRUE,FALSE,Need-based
44-674-4037,33,Male,Middle,Makassar,Mobile Accessories,6040350,12,In-Store,1,4,Low,TRUE,FALSE,Planned
78-116-8349,38,Female,High,Medan,Sports & Outdoors,3703415,5,Online,4,3,Medium,TRUE,FALSE,Planned
19-933-8095,34,Male,Middle,Jakarta,Luxury Goods,948910,7,In-Store,5,2,Low,TRUE,TRUE,Need-based
19-933-8095,34,Male,Middle,Jakarta,Luxury Goods,948910,7,Mixed,5,5,Low,TRUE,TRUE,Wants-based
80-684-5072,32,Male,High,Bandung,Animal Feed,1237055,4,Online,4,4,High,FALSE,TRUE,Planned
23-302-7502,30,Female,High,Bandung,Health Care,906905,2,Online,3,4,None,TRUE,TRUE,Wants-based
90-069-8934,40,Male,High,Makassar,Hotels,1693995,3,Mixed,5,5,Medium,FALSE,TRUE,Planned
45-073-7243,37,Male,High,Papua,Furniture,5524975,6,Mixed,2,4,Low,FALSE,TRUE,Impulsive
89-883-2101,38,Female,Middle,Medan,Mobile Accessories,3673345,10,In-Store,2,4,High,TRUE,TRUE,Impulsive
00-477-9449,36,Male,Middle,Papua,Packages),7043045,10,In-Store,2,4,Medium,FALSE,FALSE,Wants-based
67-159-7366,29,Female,High,Surabaya,Electronics,7606625,10,Mixed,4,2,None,FALSE,FALSE,Wants-based
85-691-4293,21,Female,Middle,Medan,Software & Apps,7177585,7,Online,5,1,None,TRUE,FALSE,Impulsive
56-085-0464,36,Female,High,Papua,Baby Products,879470,5,In-Store,4,4,Medium,TRUE,TRUE,Impulsive
33-264-2822,38,Male,High,Surabaya,Toys & Games,5755460,7,Online,2,4,Medium,TRUE,TRUE,Wants-based
95-478-2650,37,Female,Middle,Jakarta,Software & Apps,7145500,7,In-Store,4,1,High,FALSE,FALSE,Impulsive
04-349-6759,33,Female,High,Medan,Food & Beverages,3927235,6,Mixed,2,4,None,TRUE,TRUE,Planned
21-755-8745,37,Male,High,Papua,Packages),2116215,3,Online,5,3,High,TRUE,TRUE,Planned
29-625-7057,31,Female,Middle,Bandung,Arts & Crafts,7580275,10,In-Store,3,4,High,TRUE,TRUE,Need-based
58-623-8404,50,Male,High,Jakarta,Electronics,1269605,10,In-Store,2,5,Medium,FALSE,TRUE,Planned
56-506-4709,50,Male,Middle,Papua,Arts & Crafts,2104900,2,In-Store,1,5,Low,FALSE,TRUE,Planned
25-839-8670,45,Female,Middle,Medan,Health Supplements,5924720,12,Online,4,2,High,TRUE,FALSE,Planned
89-194-0596,33,Female,High,Medan,Gardening & Outdoors,5497850,5,Online,3,2,None,TRUE,TRUE,Planned
55-163-1389,24,Male,High,Jakarta,Mobile Accessories,6724210,6,Mixed,4,5,Medium,FALSE,FALSE,Need-based
28-225-4286,39,Female,High,Bandung,Mobile Accessories,4373015,5,Online,3,4,None,TRUE,FALSE,Impulsive
14-305-8712,48,Male,High,Makassar,Mobile Accessories,7042890,10,In-Store,2,4,None,TRUE,FALSE,Planned
85-738-6864,25,Male,Middle,Bandung,Mobile Accessories,2152640,7,In-Store,3,4,None,TRUE,TRUE,Planned
17-198-5155,30,Female,High,Surabaya,Books,811270,6,Online,3,5,Low,TRUE,FALSE,Wants-based
15-354-9904,34,Male,Middle,Papua,Groceries,5242100,7,In-Store,1,5,None,TRUE,FALSE,Impulsive
35-198-9248,21,Female,Middle,Makassar,Toys & Games,4078825,3,Mixed,2,1,High,TRUE,TRUE,Wants-based
03-950-6074,36,Female,Middle,Makassar,Software & Apps,5759490,4,Online,2,3,High,TRUE,TRUE,Impulsive
19-999-0134,30,Male,Middle,Medan,Health Care,5477700,2,In-Store,5,3,Medium,FALSE,TRUE,Need-based
57-989-1487,46,Female,Middle,Makassar,Software & Apps,5105855,5,Online,4,5,Medium,TRUE,FALSE,Impulsive
07-816-2673,46,Female,Middle,Papua,Food & Beverages,844130,5,Online,2,1,High,FALSE,FALSE,Impulsive
70-761-3550,43,Male,High,Bandung,Books,3985360,8,In-Store,4,2,High,TRUE,FALSE,Planned
38-242-3251,43,Male,High,Medan,Arts & Crafts,4542120,11,Mixed,5,1,None,TRUE,FALSE,Need-based
95-525-0842,34,Male,High,Medan,Books,1711200,12,In-Store,2,3,None,FALSE,FALSE,Wants-based
37-101-4922,42,Female,Middle,Papua,Mobile Accessories,1182185,4,Online,2,5,None,TRUE,TRUE,Need-based
37-128-5425,40,Female,High,Makassar,Toys & Games,6077240,6,Online,2,1,None,TRUE,TRUE,Planned
27-439-9545,25,Female,High,Jakarta,Toys & Games,793910,6,Online,1,2,None,TRUE,TRUE,Wants-based
37-126-7954,38,Male,Middle,Jakarta,Clothing,3527335,2,Online,1,2,High,FALSE,FALSE,Planned
82-990-0504,46,Female,Middle,Bandung,Groceries,5872485,7,Mixed,3,1,None,TRUE,TRUE,Need-based
21-734-0212,24,Female,Middle,Bandung,Beauty & Personal Care,6570760,8,Mixed,5,2,Low,FALSE,FALSE,Need-based
76-148-9413,43,Female,High,Bandung,Arts & Crafts,1724220,9,Mixed,2,4,Medium,TRUE,FALSE,Need-based
53-639-3774,37,Female,Middle,Surabaya,Travel & Leisure (Flights,4639305,7,Mixed,4,4,Medium,TRUE,TRUE,Impulsive
20-817-9584,42,Male,Middle,Surabaya,Animal Feed,2623840,7,In-Store,2,1,None,TRUE,FALSE,Planned
18-655-3670,29,Male,Middle,Makassar,Office Supplies,6961515,9,Online,4,2,Medium,FALSE,FALSE,Impulsive
72-431-5021,35,Female,High,Jakarta,Animal Feed,6625940,6,Online,3,1,Medium,TRUE,FALSE,Planned
07-479-3919,27,Female,Middle,Medan,Sports & Outdoors,2659955,3,Online,3,5,Low,TRUE,TRUE,Impulsive
17-032-6274,40,Female,High,Surabaya,Books,3724340,3,In-Store,2,3,High,TRUE,FALSE,Wants-based
64-166-9097,34,Female,High,Makassar,Furniture,4807635,6,Online,5,3,Medium,FALSE,FALSE,Impulsive
39-499-3854,25,Female,Middle,Makassar,Hotels,2573000,10,In-Store,2,4,High,FALSE,FALSE,Impulsive
39-636-5871,38,Male,High,Medan,Baby Products,5611155,2,Mixed,2,3,None,FALSE,FALSE,Planned
71-667-2334,33,Male,High,Makassar,Travel & Leisure (Flights,5401750,7,In-Store,1,4,None,FALSE,TRUE,Wants-based
35-192-9050,32,Female,Middle,Medan,Animal Feed,6137535,9,Online,2,4,Medium,TRUE,FALSE,Planned
91-440-0011,50,Female,Middle,Jakarta,Sports & Outdoors,7362345,9,Mixed,1,3,None,TRUE,FALSE,Wants-based
20-830-4758,35,Female,Middle,Bandung,Luxury Goods,4439665,4,Online,1,5,High,TRUE,FALSE,Planned
84-337-1016,19,Female,High,Bandung,Health Care,5166460,8,Mixed,2,1,Low,TRUE,TRUE,Need-based
09-346-4992,46,Female,High,Makassar,Electronics,3463785,9,Mixed,2,4,High,TRUE,FALSE,Planned
75-083-3608,23,Male,Middle,Papua,Sports & Outdoors,6429865,2,In-Store,5,2,High,FALSE,FALSE,Need-based
29-779-7209,34,Female,High,Surabaya,Books,6066390,5,Online,2,5,Low,FALSE,FALSE,Need-based
12-409-5166,48,Male,Middle,Papua,Furniture,5710200,11,In-Store,1,4,High,FALSE,TRUE,Wants-based
07-024-4995,27,Female,Middle,Makassar,Furniture,5089580,11,Mixed,3,1,High,FALSE,FALSE,Wants-based
74-478-5950,37,Female,Middle,Jakarta,Home Appliances,6578045,9,In-Store,4,4,High,TRUE,TRUE,Wants-based
31-395-1286,47,Male,High,Medan,Health Supplements,3055360,10,Mixed,2,5,Low,TRUE,TRUE,Wants-based
60-838-4334,45,Male,High,Makassar,Books,7045835,9,Mixed,3,4,Low,TRUE,TRUE,Need-based
71-197-8227,37,Male,Middle,Bandung,Electronics,4624890,4,Online,4,5,High,FALSE,FALSE,Planned
15-530-3861,36,Male,High,Jakarta,clothing,1731350,6,Online,3,2,Medium,FALSE,TRUE,Impulsive
30-567-4471,34,Male,Middle,Bandung,Clothing,5792195,10,In-Store,1,1,Medium,FALSE,TRUE,Planned
04-465-1819,37,Male,High,Bandung,Jewelry & Accessories,5500485,5,Online,4,2,None,FALSE,TRUE,Wants-based
69-692-0614,18,Female,Middle,Makassar,Mobile Accessories,3324440,2,In-Store,3,4,None,TRUE,FALSE,Need-based
12-839-8066,20,Male,High,Medan,Software & Apps,6193490,6,Mixed,1,2,None,TRUE,TRUE,Need-based
05-465-8765,27,Female,High,Jakarta,Luxury Goods,5905345,7,Online,1,2,Low,TRUE,TRUE,Planned
81-580-3810,36,Male,Middle,Medan,Food & Beverages,1224500,10,Online,5,2,Medium,FALSE,FALSE,Wants-based
74-353-6312,46,Female,Middle,Makassar,Groceries,1765140,2,Mixed,1,5,Medium,FALSE,TRUE,Impulsive
78-824-1887,26,Male,Middle,Surabaya,Travel & Leisure (Flights,1884335,4,Online,3,1,High,FALSE,TRUE,Planned
31-218-0024,21,Female,High,Jakarta,Health Supplements,3340870,11,Mixed,1,1,Low,TRUE,TRUE,Need-based
15-711-4107,43,Male,High,Jakarta,Furniture,1348965,10,In-Store,1,4,Low,FALSE,TRUE,Impulsive
76-672-1193,19,Male,High,Surabaya,Travel & Leisure (Flights,1732125,4,Mixed,3,2,High,FALSE,TRUE,Need-based
46-503-5589,41,Female,High,Makassar,Office Supplies,2111100,2,In-Store,3,2,Low,TRUE,TRUE,Wants-based
87-499-6916,48,Male,Middle,Makassar,Food & Beverages,6809305,,Online,4,4,Medium,FALSE,TRUE,Impulsive
30-520-8656,19,Female,Middle,Medan,Health Care,3021415,9,Online,5,3,High,TRUE,FALSE,Need-based
36-323-3504,29,Male,Middle,Jakarta,Food & Beverages,5853885,8,In-Store,3,2,None,TRUE,TRUE,Need-based
93-810-4051,26,Female,High,Jakarta,Beauty & Personal Care,1683455,10,Mixed,4,3,None,TRUE,FALSE,Impulsive
66-515-3648,20,Female,Middle,Jakarta,Health Care,5684935,7,In-Store,5,1,Low,FALSE,FALSE,Need-based
09-216-1957,31,Female,High,Surabaya,Jewelry & Accessories,2759620,5,Online,4,1,Medium,FALSE,FALSE,Need-based
23-253-2565,23,Female,High,Jakarta,Toys & Games,7146895,8,In-Store,2,3,Medium,TRUE,FALSE,Planned
74-509-4985,19,Female,High,Jakarta,Hotels,3272980,5,Mixed,3,5,High,FALSE,TRUE,Need-based
05-857-1572,23,Female,Middle,Bandung,Animal Feed,6540225,8,Online,2,1,Medium,FALSE,FALSE,Wants-based
26-521-8328,49,Female,Middle,Papua,Furniture,5868145,5,Mixed,5,5,None,FALSE,FALSE,Impulsive
31-147-6197,23,Female,High,Papua,Office Supplies,4168415,2,Online,5,4,Medium,FALSE,FALSE,Wants-based
90-093-0469,42,Male,Middle,Surabaya,Health Care,6895485,11,In-Store,3,1,Medium,FALSE,TRUE,Wants-based
38-935-1865,18,Female,High,Medan,Beauty & Personal Care,2492710,7,Mixed,4,5,High,TRUE,FALSE,Need-based
75-953-8663,35,Male,High,Makassar,Hotels,7659790,6,Online,3,1,Medium,FALSE,TRUE,Impulsive
38-478-2681,22,Male,Middle,Surabaya,Home Appliances,2744275,5,In-Store,2,5,None,TRUE,TRUE,Need-based
70-895-5298,28,Female,Middle,Surabaya,Food & Beverages,6985230,7,Online,5,3,High,FALSE,FALSE,Wants-based
02-653-5884,42,Female,High,Surabaya,Arts & Crafts,2546185,6,Mixed,4,5,High,TRUE,FALSE,Need-based
11-719-8800,37,Female,Middle,Jakarta,Food & Beverages,5368580,12,Mixed,4,2,Medium,FALSE,TRUE,Impulsive
59-355-5251,33,Female,Middle,Makassar,Animal Feed,5855435,9,In-Store,5,5,Medium,TRUE,TRUE,Need-based
82-572-9091,46,Female,Middle,Papua,Travel & Leisure (Flights,2532855,2,Mixed,1,2,Low,TRUE,TRUE,Wants-based
86-044-1071,30,Female,Middle,Bandung,Hotels,7247490,10,Mixed,2,1,None,TRUE,FALSE,Impulsive
08-733-0300,39,Female,Middle,Bandung,Books,3836405,10,In-Store,2,3,Low,TRUE,TRUE,Wants-based
70-108-1493,25,Female,Middle,Papua,Office Supplies,5659050,3,Online,1,2,None,FALSE,FALSE,Wants-based
46-230-8307,38,Female,High,Medan,Health Care,7524010,5,In-Store,3,3,High,TRUE,FALSE,Wants-based
74-431-0242,41,Female,Middle,Jakarta,Health Care,3883370,4,Mixed,5,4,High,FALSE,TRUE,Planned
78-272-6417,49,Female,Middle,Jakarta,Jewelry & Accessories,2528670,1,In-Store,5,1,Low,TRUE,FALSE,Need-based
13-792-4356,21,Male,High,Surabaya,Gardening & Outdoors,2515805,8,Mixed,5,5,High,FALSE,FALSE,Need-based
04-563-9091,37,Male,Middle,Surabaya,Office Supplies,5087255,7,Online,3,3,Low,FALSE,TRUE,Need-based
79-592-5396,30,Female,High,Jakarta,Sports & Outdoors,4163145,4,Online,3,3,High,TRUE,FALSE,Wants-based
39-952-4459,18,Female,High,Bandung,Electronics,3989235,7,In-Store,5,3,Medium,TRUE,FALSE,Need-based
67-935-7964,41,Female,Middle,Surabaya,Office Supplies,3185095,4,In-Store,2,5,Low,TRUE,TRUE,Need-based
26-828-2720,40,Male,High,Jakarta,Mobile Accessories,6322605,7,Online,4,3,Low,TRUE,TRUE,Impulsive
57-410-7415,33,Female,High,Jakarta,Food & Beverages,3948315,6,Online,3,3,Medium,TRUE,TRUE,Impulsive
62-989-8214,30,Female,Middle,Surabaya,Clothing,6165590,12,Online,2,3,Medium,FALSE,TRUE,Impulsive
73-827-2774,33,Female,High,Jakarta,Electronics,4731995,3,Online,2,2,Medium,TRUE,TRUE,Need-based
19-643-1879,45,Male,Middle,Medan,Food & Beverages,3996830,6,In-Store,3,1,None,TRUE,FALSE,Need-based
57-345-3921,42,Female,High,Papua,Jewelry & Accessories,6098475,12,Online,2,2,Low,FALSE,TRUE,Planned
98-817-6731,30,Male,High,Papua,Health Supplements,906595,6,In-Store,5,3,Medium,TRUE,FALSE,Need-based
31-788-0864,42,Male,Middle,Medan,Beauty & Personal Care,3510440,11,In-Store,1,1,None,TRUE,FALSE,Wants-based
27-806-4972,26,Female,High,Jakarta,Health Care,7272910,6,Mixed,3,3,High,FALSE,FALSE,Planned
48-343-1220,42,Female,High,Jakarta,Jewelry & Accessories,5197460,6,In-Store,4,4,None,TRUE,TRUE,Impulsive
15-640-6493,31,Male,High,Medan,Animal Feed,2863470,5,In-Store,4,3,Medium,FALSE,FALSE,Impulsive
64-846-7450,37,Male,High,Papua,Travel & Leisure (Flights,6853790,5,Mixed,1,2,None,FALSE,TRUE,Planned
58-788-8938,49,Male,High,Surabaya,Health Supplements,6620050,8,Mixed,3,2,High,FALSE,FALSE,Planned
52-240-3825,34,Male,High,Jakarta,Home Appliances,5065710,4,In-Store,2,5,High,TRUE,TRUE,Impulsive
60-618-2561,41,Male,High,Makassar,hotels,1534035,12,Online,1,4,None,TRUE,TRUE,Planned
94-969-6819,33,Male,High,Medan,Health Care,1203575,6,Online,4,2,Medium,TRUE,TRUE,Need-based
76-982-8107,47,Female,Middle,Jakarta,Electronics,1326955,2,In-Store,3,2,High,TRUE,TRUE,Impulsive
52-779-8972,47,Male,High,Bandung,Food & Beverages,2554245,4,In-Store,3,4,None,TRUE,TRUE,Impulsive
40-520-3271,29,Female,High,Makassar,Health Supplements,3649630,10,Online,4,5,None,FALSE,FALSE,Impulsive
79-884-5600,36,Female,High,Surabaya,Books,3799670,4,Online,1,4,High,TRUE,FALSE,Need-based
80-607-9947,43,Male,High,Surabaya,Toys & Games,6818605,5,Mixed,3,5,Low,FALSE,FALSE,Planned
87-290-8263,31,Male,High,Papua,Home Appliances,4792910,9,Mixed,5,1,Low,FALSE,TRUE,Impulsive
99-316-9993,27,Male,Middle,Papua,Groceries,2272145,10,Online,1,5,Low,FALSE,TRUE,Need-based
54-164-2243,48,Male,Middle,Bandung,Hotels,4630315,4,Mixed,1,2,High,FALSE,FALSE,Wants-based
14-784-5606,19,Male,High,Medan,Food & Beverages,6122655,2,Mixed,1,2,Medium,TRUE,FALSE,Planned
47-992-7446,41,Male,Middle,Jakarta,Electronics,5753445,10,Mixed,4,3,High,FALSE,FALSE,Wants-based
37-513-5073,33,Female,Middle,Bandung,Electronics,3003280,10,Online,1,4,Medium,FALSE,TRUE,Planned
93-473-7248,43,Male,Middle,Papua,Baby Products,6576185,6,Mixed,2,3,None,TRUE,FALSE,Impulsive
72-830-1211,38,Male,High,Papua,Jewelry & Accessories,7689705,2,Online,4,4,High,TRUE,FALSE,Impulsive
87-934-6762,41,Male,High,Jakarta,Baby Products,5299605,3,Online,1,2,Low,FALSE,TRUE,Planned
71-975-9564,40,Male,High,Papua,Gardening & Outdoors,1978730,11,Online,2,2,Low,FALSE,FALSE,Need-based
40-232-5631,47,Female,Middle,Jakarta,Software & Apps,3525785,2,In-Store,4,2,Low,TRUE,TRUE,Impulsive
22-414-4955,35,Male,High,Papua,Health Supplements,5316345,3,Mixed,1,3,Low,FALSE,TRUE,Need-based
99-089-1930,49,Female,High,Bandung,Packages),4750440,5,Mixed,1,3,Medium,FALSE,TRUE,Wants-based
62-198-2511,22,Male,Middle,Surabaya,Home Appliances,4782370,3,Mixed,5,2,High,FALSE,TRUE,Planned
21-297-1223,49,Male,High,Makassar,Travel & Leisure (Flights,1924635,12,Online,1,5,High,TRUE,FALSE,Wants-based
10-961-9336,27,Female,Middle,Bandung,Travel & Leisure (Flights,1209000,5,Mixed,4,4,None,TRUE,TRUE,Planned
71-473-2656,27,Female,High,Jakarta,Health Care,6091965,4,Mixed,1,4,High,TRUE,TRUE,Need-based
84-954-2973,37,Female,High,Jakarta,Hotels,1582395,3,Mixed,1,4,None,FALSE,TRUE,Wants-based
22-382-9636,32,Male,Middle,Surabaya,Health Care,6606255,3,Online,2,4,High,FALSE,TRUE,Impulsive
89-724-2536,42,Male,Middle,Bandung,Arts & Crafts,2174805,2,Mixed,3,3,Low,TRUE,TRUE,Need-based
85-391-1888,18,Female,High,Surabaya,Software & Apps,6412350,8,Online,5,2,Low,FALSE,FALSE,Planned
84-934-2483,49,Male,High,Makassar,Arts & Crafts,5403765,4,In-Store,5,1,High,FALSE,TRUE,Planned
96-229-1698,23,Female,Middle,Medan,Animal Feed,1414685,7,Mixed,2,5,High,TRUE,TRUE,Wants-based
36-948-6994,29,Female,High,Jakarta,Luxury Goods,5579070,11,In-Store,1,2,None,FALSE,TRUE,Need-based
43-172-9431,25,Male,Middle,Makassar,Gardening & Outdoors,2142100,8,Online,4,3,High,FALSE,TRUE,Planned
53-690-5759,38,Female,High,Bandung,Home Appliances,3043115,11,In-Store,4,3,Medium,TRUE,TRUE,Need-based
00-496-3067,32,Female,Middle,Surabaya,Packages),3863220,8,Mixed,5,3,Medium,FALSE,FALSE,Planned
10-330-6387,45,Male,High,Medan,furniture,2001050,12,In-Store,1,4,Low,TRUE,TRUE,Need-based
87-590-8963,45,Female,High,Medan,Baby Products,1746695,5,Online,5,2,High,FALSE,TRUE,Need-based
47-931-2642,46,Male,Middle,Jakarta,Beauty & Personal Care,4151675,5,Online,1,5,Medium,FALSE,FALSE,Impulsive
76-501-6422,24,Male,Middle,Bandung,Home Appliances,3183080,12,In-Store,5,3,High,FALSE,FALSE,Need-based
39-274-2175,48,Male,High,Surabaya,Health Supplements,1226050,10,In-Store,1,4,None,TRUE,TRUE,Impulsive
62-493-5282,35,Male,High,Medan,Health Care,3977765,12,Mixed,5,4,High,TRUE,FALSE,Wants-based
18-841-7253,50,Female,High,Papua,Books,6354690,12,In-Store,3,3,None,TRUE,TRUE,Need-based
18-097-5707,34,Male,Middle,Medan,Sports & Outdoors,4519800,2,Online,3,4,High,FALSE,TRUE,Wants-based
83-792-5141,50,Female,Middle,Medan,Home Appliances,1576350,7,Online,1,2,Medium,FALSE,TRUE,Wants-based
65-036-2410,50,Female,Middle,Jakarta,Health Care,5730815,2,Online,1,5,None,TRUE,FALSE,Wants-based
67-593-9579,46,Male,Middle,Medan,Baby Products,1100500,12,In-Store,4,1,High,FALSE,FALSE,Wants-based
33-484-6674,47,Male,Middle,Bandung,Packages),4340775,10,Mixed,5,2,Medium,TRUE,TRUE,Need-based
65-249-5416,35,Male,High,Makassar,Jewelry & Accessories,848005,4,Mixed,5,5,Low,TRUE,FALSE,Planned
17-328-4678,27,Male,High,Makassar,Packages),1852405,11,Online,5,1,Low,FALSE,TRUE,Impulsive
00-733-8770,37,Female,High,Surabaya,Arts & Crafts,891250,12,Mixed,2,1,None,TRUE,FALSE,Need-based
47-501-3435,38,Female,High,Makassar,Books,3488275,5,Online,3,1,High,FALSE,FALSE,Need-based
46-779-7065,41,Female,High,Bandung,Food & Beverages,6837825,7,Mixed,1,2,Low,FALSE,FALSE,Wants-based
91-603-1565,48,Male,Middle,Surabaya,Animal Feed,7458755,3,Mixed,1,1,High,FALSE,TRUE,Wants-based
35-122-5020,48,Female,High,Papua,Arts & Crafts,1595880,3,Mixed,3,1,Low,FALSE,FALSE,Impulsive
63-684-4073,45,Female,High,Bandung,Electronics,5139335,11,In-Store,1,1,Low,FALSE,TRUE,Need-based
74-483-2893,26,Female,Middle,Surabaya,Electronics,1569995,11,In-Store,2,5,Medium,FALSE,FALSE,Impulsive
72-728-4406,50,Female,Middle,Medan,Packages),2224560,9,Mixed,1,2,Medium,TRUE,FALSE,Need-based
13-588-2488,39,Male,Middle,Jakarta,Sports & Outdoors,4285440,3,In-Store,5,3,None,FALSE,FALSE,Wants-based
79-861-6506,20,Male,High,Papua,Toys & Games,5469485,11,Mixed,2,1,High,FALSE,FALSE,Planned
66-974-6707,48,Male,Middle,Papua,Mobile Accessories,3544540,3,Online,2,1,Low,TRUE,FALSE,Need-based
95-112-6724,31,Female,Middle,Surabaya,Food & Beverages,4671545,6,Mixed,2,4,None,FALSE,TRUE,Impulsive
27-262-6874,25,Female,Middle,Surabaya,Books,7339250,11,In-Store,2,4,Low,FALSE,FALSE,Need-based
92-908-5062,18,Female,Middle,Surabaya,Home Appliances,1128400,11,Online,5,3,High,TRUE,TRUE,Impulsive
70-014-6406,18,Male,Middle,Surabaya,Packages),2661660,3,In-Store,2,1,Low,FALSE,FALSE,Planned
52-908-9971,31,Male,Middle,Medan,Software & Apps,7246250,6,Mixed,5,1,None,FALSE,TRUE,Need-based
57-623-5362,43,Male,High,Papua,Furniture,3251745,6,In-Store,4,4,High,TRUE,FALSE,Wants-based
48-315-0196,23,Male,Middle,Medan,Office Supplies,2330115,9,Online,4,5,None,TRUE,TRUE,Planned
71-959-3896,29,Male,High,Papua,Luxury Goods,1528765,7,Mixed,4,2,High,FALSE,TRUE,Planned
29-987-3969,21,Female,Middle,Makassar,Beauty & Personal Care,2996150,11,In-Store,3,2,None,TRUE,TRUE,Wants-based
78-613-1546,49,Female,Middle,Surabaya,Luxury Goods,2247810,7,Online,3,5,High,TRUE,FALSE,Need-based
43-664-4451,30,Female,Middle,Papua,Health Supplements,4572345,4,Mixed,5,5,Low,FALSE,TRUE,Impulsive
34-095-3364,31,Male,Middle,Papua,Office Supplies,4734475,2,In-Store,4,4,None,FALSE,TRUE,Need-based
72-393-6893,50,Female,Middle,Surabaya,Toys & Games,6702510,2,Mixed,3,1,Medium,FALSE,TRUE,Need-based
73-707-2809,35,Female,Middle,Bandung,Gardening & Outdoors,3527490,11,Online,5,5,None,FALSE,TRUE,Planned
04-609-7885,36,Male,Middle,Medan,Toys & Games,2493795,10,Online,2,5,None,TRUE,FALSE,Impulsive
73-139-4306,24,Female,Middle,Makassar,Luxury Goods,2156050,7,Mixed,5,2,Low,FALSE,TRUE,Need-based
23-794-8196,36,Female,High,Surabaya,Furniture,4158340,9,Online,2,1,High,FALSE,FALSE,Planned
66-050-6391,45,Female,Middle,Makassar,Sports & Outdoors,999595,6,Online,1,1,None,FALSE,TRUE,Planned
22-311-5460,44,Male,Middle,Papua,Arts & Crafts,1242635,10,In-Store,4,1,High,TRUE,FALSE,Need-based
51-917-0766,28,Male,High,Bandung,Groceries,4301560,11,Online,3,5,None,TRUE,FALSE,Planned
53-013-1026,40,Male,High,Jakarta,Health Supplements,831885,7,In-Store,2,3,High,FALSE,TRUE,Need-based
29-779-3457,49,Female,Middle,Makassar,Office Supplies,5012545,10,In-Store,3,3,None,TRUE,FALSE,Planned
18-047-5540,50,Female,High,Bandung,Sports & Outdoors,1519310,5,In-Store,5,1,Low,TRUE,TRUE,Impulsive
89-438-5310,24,Male,High,Medan,Travel & Leisure (Flights,3584530,10,In-Store,4,2,Low,FALSE,FALSE,Impulsive
23-985-3535,26,Male,High,Makassar,Food & Beverages,5928595,6,Mixed,5,5,None,TRUE,TRUE,Impulsive
67-939-2463,28,Male,Middle,Papua,Travel & Leisure (Flights,3959010,9,In-Store,3,3,None,TRUE,FALSE,Planned
03-623-6767,48,Female,Middle,Surabaya,Toys & Games,6560065,12,Mixed,4,5,High,FALSE,TRUE,Need-based
86-749-6914,47,Male,Middle,Makassar,Beauty & Personal Care,4279240,4,Mixed,4,5,High,FALSE,TRUE,Impulsive
03-977-8103,25,Male,Middle,Papua,Books,5170180,3,Mixed,1,2,Low,TRUE,FALSE,Impulsive
03-827-4021,39,Male,High,Bandung,Groceries,2012210,12,Mixed,5,2,High,FALSE,FALSE,Wants-based
68-507-4747,41,Female,High,Medan,Clothing,4321090,3,In-Store,1,4,Medium,TRUE,FALSE,Planned
73-942-8440,37,Male,Middle,Bandung,Gardening & Outdoors,1744525,5,In-Store,1,5,None,TRUE,FALSE,Impulsive
21-821-6398,50,Female,Middle,Jakarta,Toys & Games,2201310,7,In-Store,1,4,Low,TRUE,FALSE,Wants-based
64-641-7874,33,Female,High,Bandung,Packages),7468520,10,Mixed,1,2,High,FALSE,FALSE,Impulsive
53-459-7870,50,Female,High,Surabaya,Packages),2557655,10,Online,2,1,Medium,TRUE,FALSE,Wants-based
36-240-3240,25,Male,Middle,Makassar,Baby Products,881175,5,Mixed,5,3,None,TRUE,FALSE,Wants-based
54-936-4361,34,Female,High,Surabaya,Hotels,2834795,2,In-Store,5,5,Low,FALSE,TRUE,Impulsive
67-209-0990,39,Male,High,Surabaya,Books,5781655,5,Online,4,2,Low,FALSE,TRUE,Need-based
19-667-0201,41,Male,Middle,Papua,Home Appliances,3421935,7,Online,2,2,Low,TRUE,FALSE,Need-based
36-274-5269,27,Male,Middle,Jakarta,Hotels,4511895,11,Mixed,1,4,None,TRUE,FALSE,Planned
09-948-3150,23,Female,High,Medan,Software & Apps,6417930,9,Online,2,1,Medium,TRUE,FALSE,Wants-based
19-873-9468,37,Male,Middle,Jakarta,Animal Feed,6331905,9,In-Store,4,1,High,TRUE,FALSE,Planned
37-748-4988,21,Male,Middle,Medan,Furniture,1602700,9,In-Store,1,3,High,TRUE,TRUE,Impulsive
08-755-1170,47,Male,Middle,Jakarta,Furniture,1052760,8,In-Store,1,1,Low,FALSE,FALSE,Planned
07-402-7433,42,Female,Middle,Makassar,Health Supplements,5489480,8,Mixed,1,1,Low,TRUE,TRUE,Wants-based
60-073-3575,30,Male,Middle,Papua,Books,4289935,2,Mixed,4,2,Low,TRUE,FALSE,Planned
97-237-3483,49,Male,Middle,Bandung,Health Care,2948875,6,In-Store,4,1,None,FALSE,TRUE,Need-based
93-675-1619,28,Female,Middle,Jakarta,Animal Feed,3154095,7,Mixed,3,2,Medium,FALSE,FALSE,Planned
43-884-2577,24,Male,Middle,Papua,Health Supplements,4084250,6,In-Store,4,4,None,FALSE,TRUE,Wants-based
33-200-7615,40,Female,High,Makassar,Arts & Crafts,3833150,2,Online,4,3,Low,TRUE,TRUE,Wants-based
63-631-8261,18,Male,High,Papua,Toys & Games,786005,12,Mixed,5,4,None,TRUE,FALSE,Need-based
34-016-7909,42,Male,High,Bandung,Office Supplies,2043675,4,Mixed,2,2,Low,TRUE,FALSE,Planned
82-304-6495,19,Male,High,Jakarta,Beauty & Personal Care,7120545,6,Online,3,4,Low,FALSE,FALSE,Planned
70-207-6999,36,Female,High,Jakarta,Office Supplies,5941615,6,In-Store,5,5,Medium,FALSE,FALSE,Need-based
71-780-8195,26,Female,High,Makassar,Toys & Games,3287240,8,Online,3,2,Low,FALSE,TRUE,Need-based
93-356-8589,35,Female,High,Makassar,Arts & Crafts,5746315,7,Mixed,4,2,High,FALSE,FALSE,Wants-based
92-142-9480,39,Male,High,Bandung,Clothing,4954730,7,In-Store,3,4,High,FALSE,TRUE,Planned
53-042-5685,44,Female,Middle,Papua,Jewelry & Accessories,5782275,3,Online,3,4,Low,FALSE,FALSE,Need-based
35-853-2222,19,Female,High,Jakarta,Sports & Outdoors,6103590,6,Online,3,2,Medium,TRUE,TRUE,Need-based
83-670-9273,27,Female,High,Makassar,Clothing,3798120,4,Online,1,3,High,TRUE,FALSE,Impulsive
37-783-6086,26,Female,High,Jakarta,Beauty & Personal Care,1724685,3,Online,2,2,High,FALSE,FALSE,Impulsive
79-902-8144,26,Female,High,Bandung,Baby Products,1445995,11,Mixed,1,1,High,TRUE,FALSE,Wants-based
41-009-7879,27,Female,High,Papua,Hotels,2425750,5,Mixed,4,4,High,TRUE,FALSE,Impulsive
89-302-8461,37,Male,Middle,Surabaya,Packages),4496705,8,Mixed,5,5,Medium,FALSE,TRUE,Planned
23-066-1915,23,Female,Middle,Jakarta,Software & Apps,5506840,3,Online,4,2,Low,TRUE,FALSE,Wants-based
39-090-0124,31,Female,Middle,Papua,Gardening & Outdoors,1142970,7,In-Store,2,1,High,FALSE,TRUE,Need-based
41-854-0707,21,Female,Middle,Makassar,Sports & Outdoors,2640425,10,Online,2,5,Medium,TRUE,FALSE,Impulsive
04-352-1558,36,Female,High,Jakarta,Home Appliances,1917350,6,In-Store,1,4,High,FALSE,FALSE,Impulsive
93-867-8303,21,Female,Middle,Jakarta,Gardening & Outdoors,3124800,9,Mixed,1,4,Medium,FALSE,TRUE,Wants-based
31-088-6950,27,Female,Middle,Jakarta,Furniture,1800170,11,Online,2,1,High,FALSE,TRUE,Need-based
43-616-8365,29,Female,Middle,Medan,Jewelry & Accessories,7492390,9,In-Store,1,2,High,FALSE,FALSE,Need-based
71-876-9118,24,Male,Middle,Jakarta,Health Supplements,6488610,9,Online,2,4,Low,TRUE,FALSE,Impulsive
18-263-0366,33,Female,Middle,Papua,Books,2167365,12,Mixed,4,5,None,FALSE,TRUE,Planned
25-502-1415,38,Female,High,Jakarta,Arts & Crafts,839635,4,In-Store,1,4,Medium,FALSE,TRUE,Impulsive
50-000-9588,47,Male,High,Surabaya,Jewelry & Accessories,6782645,10,Online,4,4,None,TRUE,TRUE,Wants-based
32-338-5967,32,Male,Middle,Papua,Hotels,1760335,5,In-Store,3,5,Medium,FALSE,FALSE,Wants-based
19-311-9149,21,Female,High,Bandung,Packages),4735870,6,In-Store,4,4,Medium,TRUE,FALSE,Impulsive
94-212-7169,23,Female,High,Makassar,Food & Beverages,5256360,2,Mixed,2,3,Medium,FALSE,TRUE,Need-based
17-246-6194,45,Female,Middle,Papua,Jewelry & Accessories,5012700,11,In-Store,5,5,Low,TRUE,TRUE,Impulsive
26-672-1285,24,Female,Middle,Medan,Clothing,7325455,9,Online,3,2,None,TRUE,TRUE,Need-based
00-265-0556,20,Female,Middle,Makassar,Furniture,1054310,10,Online,2,1,None,TRUE,TRUE,Need-based
76-397-3294,27,Male,High,Bandung,Toys & Games,3091320,7,Online,3,2,None,FALSE,TRUE,Planned
43-612-8079,47,Male,High,Bandung,Sports & Outdoors,3886315,6,Online,4,3,Low,FALSE,FALSE,Planned
17-213-2834,34,Male,Middle,Makassar,Clothing,5773595,12,Online,3,1,High,TRUE,FALSE,Impulsive
36-214-1586,41,Male,High,Makassar,Books,2896175,2,In-Store,5,1,High,TRUE,FALSE,Wants-based
32-414-1466,26,Male,High,Bandung,Sports & Outdoors,1136460,10,Online,1,1,None,TRUE,FALSE,Wants-based
12-699-6543,49,Male,Middle,Papua,Clothing,3326145,6,In-Store,4,4,None,TRUE,TRUE,Need-based
83-427-3218,47,Female,Middle,Jakarta,Furniture,7243460,12,In-Store,4,5,Medium,FALSE,TRUE,Wants-based
61-663-9008,18,Male,Middle,Makassar,Travel & Leisure (Flights,7372575,4,Mixed,5,3,High,TRUE,TRUE,Impulsive
86-917-7481,48,Female,Middle,Papua,Animal Feed,2501390,11,In-Store,5,4,None,TRUE,FALSE,Wants-based
66-086-2306,19,Male,Middle,Jakarta,Baby Products,3871590,4,Mixed,3,2,Low,FALSE,FALSE,Impulsive
43-671-9834,39,Female,Middle,Medan,Clothing,2323140,9,In-Store,5,2,Low,FALSE,FALSE,Planned
90-888-8726,48,Female,High,Surabaya,Jewelry & Accessories,5379895,5,Mixed,3,1,Medium,FALSE,FALSE,Impulsive
23-085-0811,43,Female,High,Medan,Health Care,5355095,9,Mixed,1,4,High,TRUE,TRUE,Planned
85-192-9218,31,Female,High,Bandung,Health Care,4607220,2,Online,5,3,Medium,TRUE,FALSE,Wants-based
82-671-7236,28,Female,Middle,Makassar,Home Appliances,7662270,12,In-Store,5,3,High,FALSE,FALSE,Need-based
42-674-3987,29,Male,Middle,Makassar,Animal Feed,6874560,5,In-Store,4,3,None,TRUE,TRUE,Wants-based
41-934-7739,45,Female,Middle,Jakarta,Jewelry & Accessories,7086290,7,In-Store,1,3,High,TRUE,FALSE,Planned
48-825-0400,38,Male,Middle,Jakarta,Books,6322140,4,In-Store,4,4,None,FALSE,FALSE,Wants-based
30-133-5120,30,Male,Middle,Jakarta,Books,6954540,8,Online,5,1,High,TRUE,FALSE,Need-based
29-827-8515,40,Female,High,Papua,Electronics,3967380,7,In-Store,4,2,High,FALSE,TRUE,Need-based
91-724-4633,45,Male,Middle,Papua,Luxury Goods,2264085,7,In-Store,2,4,Low,TRUE,TRUE,Planned
10-328-5732,44,Female,High,Jakarta,Health Supplements,4834450,4,Mixed,4,5,Low,FALSE,FALSE,Impulsive
38-912-1128,38,Female,Middle,Jakarta,Gardening & Outdoors,4674800,4,Mixed,1,5,Low,FALSE,FALSE,Planned
07-751-9620,23,Male,Middle,Bandung,Software & Apps,4610475,3,Online,1,3,Medium,FALSE,FALSE,Need-based
81-877-9170,30,Male,High,Papua,Sports & Outdoors,2437530,3,Mixed,3,1,Medium,FALSE,TRUE,Planned
19-885-2597,42,Male,High,Medan,Health Supplements,3711630,3,Mixed,1,3,Low,TRUE,FALSE,Planned
82-389-2029,28,Female,High,Jakarta,Gardening & Outdoors,3732710,10,Mixed,1,5,High,TRUE,FALSE,Planned
97-463-0048,44,Female,Middle,Medan,Sports & Outdoors,4682085,6,Online,2,5,Medium,TRUE,FALSE,Planned
91-572-6135,45,Male,Middle,Bandung,Software & Apps,5703845,2,In-Store,5,1,None,FALSE,FALSE,Wants-based
10-232-0685,46,Female,High,Medan,Groceries,5576125,7,Mixed,5,3,High,FALSE,TRUE,Impulsive
77-761-7475,28,Female,Middle,Medan,Packages),3168820,2,Online,1,1,None,FALSE,TRUE,Impulsive
78-826-3039,27,Male,High,Jakarta,Gardening & Outdoors,3548415,7,Online,1,1,Low,TRUE,TRUE,Impulsive
86-668-1045,20,Female,High,Surabaya,Office Supplies,5507305,11,In-Store,2,1,High,FALSE,FALSE,Need-based
14-603-9698,40,Male,High,Surabaya,Animal Feed,5187385,12,Online,2,1,None,TRUE,FALSE,Impulsive
23-752-2213,36,Male,Middle,Surabaya,Books,2832160,5,In-Store,4,3,High,FALSE,TRUE,Need-based
71-486-8561,43,Male,High,Makassar,Jewelry & Accessories,4033410,11,Online,3,5,None,FALSE,FALSE,Wants-based
76-382-7162,26,Female,High,Medan,Food & Beverages,7051415,8,In-Store,2,4,Low,FALSE,FALSE,Impulsive
28-947-4295,29,Male,Middle,Jakarta,Beauty & Personal Care,5044010,11,In-Store,5,3,Low,TRUE,TRUE,Need-based
84-765-0748,34,Female,Middle,Makassar,Jewelry & Accessories,5446080,2,Mixed,4,5,High,FALSE,FALSE,Need-based
54-207-8349,40,Male,High,Jakarta,Baby Products,5171265,8,Mixed,2,5,None,FALSE,FALSE,Planned
20-419-0341,42,Female,High,Makassar,Beauty & Personal Care,7283450,4,In-Store,3,4,Low,FALSE,FALSE,Impulsive
52-005-9914,28,Male,High,Medan,Mobile Accessories,3216560,4,In-Store,3,3,Low,FALSE,FALSE,Wants-based
34-846-7805,49,Male,High,Surabaya,Toys & Games,1951295,7,Online,5,2,Low,FALSE,FALSE,Impulsive
26-596-5461,46,Female,High,Bandung,Electronics,2646935,9,Online,1,4,Medium,FALSE,TRUE,Planned
20-157-8631,44,Female,High,Surabaya,Electronics,990605,2,In-Store,4,5,None,FALSE,TRUE,Planned
91-199-9097,29,Male,High,Surabaya,Clothing,5278525,7,Mixed,2,2,Low,FALSE,FALSE,Wants-based
55-846-2579,47,Male,Middle,Surabaya,Software & Apps,5861170,6,Mixed,5,2,Medium,FALSE,FALSE,Planned
83-455-7266,37,Female,Middle,Makassar,Toys & Games,3655520,9,In-Store,5,1,None,FALSE,FALSE,Impulsive
67-599-9267,47,Male,High,Makassar,Arts & Crafts,2548820,5,Online,2,3,Low,FALSE,FALSE,Wants-based
41-501-9276,24,Male,High,Bandung,Sports & Outdoors,7065055,3,In-Store,3,5,Low,FALSE,FALSE,Wants-based
99-509-4653,36,Male,High,Medan,Health Care,4623960,7,In-Store,2,2,Low,TRUE,FALSE,Need-based
31-284-5722,36,Female,High,Surabaya,Hotels,5451505,7,In-Store,2,2,Medium,TRUE,TRUE,Need-based
88-000-9227,49,Male,Middle,Medan,Toys & Games,6098940,11,Mixed,5,2,High,TRUE,TRUE,Planned
52-726-9328,19,Female,High,Jakarta,Office Supplies,3746660,6,In-Store,4,2,Medium,FALSE,FALSE,Need-based
60-198-5417,27,Female,High,Bandung,Software & Apps,4343100,3,Mixed,1,1,Medium,FALSE,TRUE,Impulsive
00-107-4749,36,Female,Middle,Makassar,Health Supplements,2759620,5,Mixed,4,4,None,TRUE,FALSE,Planned
88-428-8409,37,Male,High,Makassar,Packages),5393845,5,In-Store,3,5,Low,TRUE,TRUE,Need-based
21-313-7424,45,Female,Middle,Surabaya,Office Supplies,5329055,3,In-Store,2,5,High,FALSE,TRUE,Need-based
79-973-7862,47,Female,Middle,Jakarta,Animal Feed,1631995,7,Online,1,4,Low,FALSE,FALSE,Impulsive
81-814-3498,32,Male,Middle,Makassar,Hotels,7496730,3,Mixed,5,3,Medium,FALSE,FALSE,Wants-based
34-375-8138,48,Male,Middle,Surabaya,Home Appliances,1075855,8,Online,1,3,High,FALSE,FALSE,Wants-based
05-067-9686,20,Female,High,Jakarta,Toys & Games,3211290,11,In-Store,2,1,Low,FALSE,TRUE,Planned
61-951-7929,32,Male,Middle,Bandung,Health Supplements,7039325,11,In-Store,5,2,High,TRUE,TRUE,Impulsive
53-667-0793,25,Male,High,Makassar,Groceries,1751655,11,Mixed,3,5,Low,FALSE,TRUE,Wants-based
61-212-1117,42,Male,Middle,Papua,Packages),6496515,4,Mixed,1,1,None,FALSE,TRUE,Wants-based
09-443-7536,37,Female,High,Makassar,Jewelry & Accessories,2849830,5,In-Store,4,3,Medium,FALSE,FALSE,Planned
27-463-5671,21,Female,Middle,Medan,Packages),834985,10,In-Store,5,5,Medium,TRUE,FALSE,Wants-based
53-380-3968,43,Female,High,Jakarta,Food & Beverages,6631210,9,In-Store,5,3,Medium,TRUE,TRUE,Wants-based
42-969-0735,29,Female,High,Papua,Packages),4383710,6,Online,5,5,Medium,FALSE,TRUE,Impulsive
12-440-5464,28,Male,Middle,Makassar,Electronics,3337305,7,Online,3,1,Medium,FALSE,TRUE,Planned
33-467-2534,43,Male,Middle,Papua,Furniture,2846730,11,In-Store,1,5,Low,TRUE,FALSE,Impulsive
35-418-0288,48,Female,High,Makassar,Baby Products,3080315,10,Mixed,5,4,High,TRUE,TRUE,Planned
33-787-2143,26,Female,Middle,Makassar,Travel & Leisure (Flights,4118660,7,Online,4,5,None,TRUE,TRUE,Wants-based
58-528-6262,42,Male,Middle,Bandung,Software & Apps,2144425,2,Mixed,1,2,Low,TRUE,FALSE,Wants-based
31-060-2716,27,Male,Middle,Jakarta,Groceries,6848985,3,Mixed,4,3,High,TRUE,TRUE,Planned
81-515-5823,40,Female,Middle,Surabaya,Clothing,2763495,4,Mixed,2,1,Low,FALSE,TRUE,Impulsive
90-858-0453,23,Male,Middle,Papua,Sports & Outdoors,1194740,10,Mixed,4,2,High,TRUE,TRUE,Wants-based
28-874-8938,46,Male,High,Makassar,Office Supplies,4136950,11,In-Store,5,4,Low,FALSE,TRUE,Wants-based
89-625-5542,38,Female,Middle,Jakarta,Electronics,4182520,4,Online,2,2,Low,TRUE,FALSE,Need-based
07-966-8728,23,Male,Middle,Medan,Home Appliances,5180410,8,In-Store,1,5,None,FALSE,FALSE,Planned
94-408-2581,40,Female,Middle,Jakarta,Travel & Leisure (Flights,7355680,8,Mixed,3,5,Low,TRUE,TRUE,Planned
55-301-9368,34,Male,High,Papua,Electronics,5594105,4,Online,4,1,High,TRUE,TRUE,Impulsive
72-336-1992,44,Female,Middle,Bandung,Groceries,5789095,6,Mixed,3,3,Medium,TRUE,TRUE,Impulsive
06-008-2805,32,Female,High,Papua,Sports & Outdoors,7165650,5,In-Store,1,4,None,TRUE,TRUE,Impulsive
77-178-6086,42,Female,Middle,Makassar,Toys & Games,5156385,8,Online,5,4,Medium,FALSE,TRUE,Planned
28-832-2885,22,Female,High,Makassar,Home Appliances,3648545,9,In-Store,2,3,None,FALSE,TRUE,Need-based
75-210-7391,44,Female,Middle,Surabaya,Packages),4181590,7,Online,3,5,Medium,TRUE,TRUE,Wants-based
60-470-3563,29,Male,Middle,Bandung,Gardening & Outdoors,7724115,2,Mixed,1,5,Medium,TRUE,TRUE,Need-based
24-241-7171,30,Female,High,Makassar,Health Supplements,2835570,7,Mixed,4,3,None,TRUE,TRUE,Planned
53-784-1855,19,Female,Middle,Jakarta,Health Supplements,1886350,7,Mixed,1,4,High,TRUE,FALSE,Wants-based
83-561-3374,45,Female,High,Bandung,Software & Apps,7583685,4,Mixed,3,2,High,FALSE,FALSE,Need-based
96-121-0629,38,Male,Middle,Medan,Software & Apps,4710915,6,Mixed,1,5,High,TRUE,TRUE,Wants-based
00-275-9990,24,Female,Middle,Papua,Food & Beverages,4692470,11,Online,3,3,High,TRUE,FALSE,Wants-based
36-593-2907,42,Male,High,Medan,Beauty & Personal Care,2436755,11,Online,3,2,Medium,TRUE,FALSE,Impulsive
22-692-3470,46,Female,High,Surabaya,Sports & Outdoors,2471475,2,In-Store,2,2,Medium,TRUE,TRUE,Wants-based
90-322-7329,44,Female,High,Medan,Luxury Goods,4850415,2,In-Store,4,4,High,TRUE,FALSE,Impulsive
28-395-9872,38,Male,High,Jakarta,Hotels,1018040,4,In-Store,4,5,Medium,FALSE,TRUE,Need-based
79-297-1061,44,Male,Middle,Bandung,Software & Apps,958830,5,Mixed,5,4,None,FALSE,FALSE,Impulsive
93-649-9356,18,Female,High,Makassar,Electronics,5328435,6,Online,4,2,None,TRUE,TRUE,Planned
27-543-7069,37,Male,Middle,Makassar,Home Appliances,1661755,2,Online,5,1,None,TRUE,TRUE,Wants-based
96-079-9597,31,Female,High,Surabaya,Home Appliances,2309190,12,Mixed,3,4,None,TRUE,TRUE,Planned
38-940-4942,22,Female,High,Surabaya,Health Care,7601355,4,In-Store,3,1,Low,FALSE,TRUE,Wants-based
82-014-2564,33,Male,High,Papua,Groceries,7150770,4,In-Store,4,2,High,FALSE,TRUE,Wants-based
70-699-5799,20,Female,High,Makassar,Office Supplies,5252795,7,Mixed,1,1,Low,TRUE,TRUE,Impulsive
53-240-2040,26,Male,High,Surabaya,Gardening & Outdoors,3450765,3,Mixed,3,5,Medium,FALSE,TRUE,Planned
27-742-2776,26,Male,High,Bandung,Toys & Games,1115225,2,Online,3,3,None,FALSE,TRUE,Planned
55-620-7906,21,Male,High,Jakarta,Software & Apps,4100060,9,Mixed,2,3,None,TRUE,TRUE,Planned
04-213-4617,43,Male,High,Makassar,Food & Beverages,6429400,9,Mixed,5,1,Low,FALSE,FALSE,Planned
79-384-7469,50,Male,Middle,Jakarta,Groceries,787245,12,In-Store,5,4,Medium,TRUE,TRUE,Planned
30-839-5589,42,Female,Middle,Bandung,Hotels,4096650,10,Mixed,2,3,Low,TRUE,TRUE,Wants-based
76-848-9229,29,Male,High,Surabaya,Animal Feed,1898130,6,In-Store,2,2,High,FALSE,TRUE,Need-based
98-559-6096,20,Male,Middle,Medan,Software & Apps,3689155,8,In-Store,5,2,High,FALSE,TRUE,Need-based
56-810-2066,40,Female,High,Papua,Home Appliances,7600270,4,Mixed,5,1,None,FALSE,FALSE,Planned
55-580-7707,38,Male,High,Jakarta,Jewelry & Accessories,3812690,4,Online,5,5,High,FALSE,TRUE,Impulsive
18-605-0795,45,Male,Middle,Medan,Hotels,6057865,9,Online,2,1,Medium,FALSE,TRUE,Need-based
86-268-2904,49,Male,High,Medan,Jewelry & Accessories,2462020,6,Mixed,3,3,None,TRUE,FALSE,Wants-based
75-847-7630,37,Male,Middle,Makassar,Baby Products,6808220,8,Mixed,4,1,High,FALSE,TRUE,Need-based
76-910-2337,23,Male,Middle,Papua,Toys & Games,1432665,12,Mixed,1,5,Medium,FALSE,FALSE,Impulsive
56-719-7145,48,Female,High,Medan,Clothing,5163825,9,Online,1,1,High,FALSE,FALSE,Impulsive
14-025-2335,19,Male,Middle,Medan,Luxury Goods,995410,9,Online,3,2,High,TRUE,FALSE,Planned
10-300-8072,46,Female,High,Papua,Home Appliances,4503215,3,Mixed,5,1,Low,TRUE,TRUE,Impulsive
73-698-2326,39,Male,Middle,Bandung,Baby Products,3902900,6,Online,5,4,High,TRUE,FALSE,Planned
01-023-2094,27,Male,Middle,Makassar,Sports & Outdoors,7448060,3,Mixed,3,1,Low,FALSE,FALSE,Planned
65-359-4645,28,Female,Middle,Surabaya,Packages),7156505,10,Mixed,5,2,Low,FALSE,FALSE,Need-based
33-405-7978,50,Female,High,Surabaya,Software & Apps,4469270,12,In-Store,5,5,None,FALSE,TRUE,Wants-based
09-783-7921,19,Female,High,Surabaya,Gardening & Outdoors,3008240,3,Online,3,5,Low,TRUE,FALSE,Wants-based
76-561-2427,27,Female,Middle,Makassar,Travel & Leisure (Flights,3075975,11,Mixed,5,2,High,TRUE,FALSE,Need-based
82-467-3300,23,Male,High,Bandung,Baby Products,3354975,5,In-Store,3,5,Medium,FALSE,TRUE,Impulsive
92-946-7398,19,Female,High,Medan,Baby Products,5560160,5,Online,4,5,Low,TRUE,FALSE,Need-based
59-891-2990,22,Female,Middle,Makassar,Luxury Goods,5697180,9,Online,5,3,None,FALSE,FALSE,Planned
22-579-3978,40,Male,Middle,Surabaya,Clothing,1376090,10,Online,5,3,High,FALSE,FALSE,Wants-based
22-352-0576,48,Male,Middle,Bandung,Food & Beverages,7220675,10,In-Store,2,5,None,TRUE,TRUE,Wants-based
28-676-0614,49,Male,Middle,Jakarta,Clothing,4070455,3,In-Store,4,3,Medium,FALSE,FALSE,Wants-based
07-211-9364,45,Female,Middle,Bandung,Home Appliances,1414220,8,In-Store,2,5,High,TRUE,TRUE,Impulsive
98-238-6733,42,Female,High,Papua,Luxury Goods,6598195,5,Mixed,3,1,High,FALSE,TRUE,Wants-based
72-006-3769,41,Female,High,Papua,Packages),6914705,9,Online,3,4,Medium,TRUE,FALSE,Planned
75-845-3143,23,Female,High,Bandung,Software & Apps,7596705,8,Online,2,2,Low,FALSE,FALSE,Impulsive
26-028-2671,44,Female,High,Bandung,Sports & Outdoors,6255335,6,Mixed,2,3,High,FALSE,TRUE,Need-based
55-876-7407,42,Female,High,Medan,Packages),6853325,10,Online,4,3,High,FALSE,TRUE,Planned
47-720-9520,49,Female,Middle,Makassar,Sports & Outdoors,1220005,5,Mixed,2,5,None,TRUE,FALSE,Need-based
42-207-5005,45,Female,Middle,Jakarta,Furniture,7618405,2,In-Store,1,1,Medium,TRUE,FALSE,Impulsive
47-266-2261,36,Female,Middle,Bandung,Furniture,7089545,12,Online,5,1,High,TRUE,FALSE,Impulsive
77-642-7686,38,Female,High,Bandung,Food & Beverages,2768455,12,Online,1,4,High,TRUE,TRUE,Wants-based
37-468-8133,44,Male,Middle,Makassar,Health Care,7633905,7,In-Store,1,3,Low,TRUE,FALSE,Impulsive
00-335-5034,37,Female,High,Makassar,Home Appliances,6376700,3,In-Store,5,3,High,TRUE,FALSE,Planned
95-148-1769,36,Male,Middle,Bandung,Clothing,1496060,5,In-Store,2,4,Low,FALSE,TRUE,Impulsive
72-324-1243,34,Male,High,Makassar,Mobile Accessories,1014475,6,Online,4,5,High,TRUE,FALSE,Planned
62-687-5354,23,Male,Middle,Jakarta,Health Care,3965830,3,In-Store,5,3,High,TRUE,TRUE,Need-based
54-634-0814,35,Male,High,Bandung,Furniture,1157695,10,Mixed,3,4,Low,FALSE,FALSE,Need-based
64-769-5737,45,Male,Middle,Makassar,Home Appliances,6676625,8,Mixed,5,4,Low,FALSE,TRUE,Need-based
62-892-2088,38,Male,High,Makassar,Software & Apps,5737635,2,Mixed,4,2,Medium,FALSE,TRUE,Need-based
53-951-2529,25,Male,Middle,Makassar,Electronics,5956030,6,Mixed,4,2,High,FALSE,FALSE,Need-based
00-264-3797,26,Male,Middle,Medan,Home Appliances,1984155,2,Online,5,3,Medium,TRUE,TRUE,Planned
88-445-9235,46,Female,High,Medan,Luxury Goods,4671700,4,Mixed,5,2,Medium,FALSE,TRUE,Wants-based
65-539-9955,18,Female,High,Medan,Health Supplements,6157375,6,Mixed,3,4,Low,FALSE,FALSE,Planned
89-730-1134,46,Male,Middle,Jakarta,Gardening & Outdoors,1490790,3,Mixed,5,1,None,FALSE,FALSE,Need-based
74-051-7865,19,Female,High,Medan,Baby Products,6051820,4,Mixed,4,2,Medium,TRUE,TRUE,Planned
40-450-4266,37,Female,Middle,Makassar,Health Care,953250,11,In-Store,3,5,Medium,TRUE,TRUE,Impulsive
78-796-5651,35,Female,Middle,Bandung,Office Supplies,3633820,6,Online,1,1,Medium,FALSE,TRUE,Wants-based
78-163-4800,43,Male,Middle,Surabaya,Toys & Games,4942020,6,Mixed,4,5,Low,FALSE,TRUE,Impulsive
90-272-5701,28,Male,Middle,Surabaya,Toys & Games,5073460,6,Online,3,4,None,TRUE,TRUE,Planned
14-118-5229,25,Male,Middle,Makassar,Books,7372420,3,Mixed,3,4,Low,TRUE,TRUE,Wants-based
24-662-2119,47,Male,High,Surabaya,Hotels,1063145,9,Online,1,3,Medium,FALSE,TRUE,Impulsive
61-794-8438,45,Male,Middle,Papua,Health Care,2062120,12,Online,4,2,High,TRUE,FALSE,Need-based
21-959-5766,24,Female,High,Papua,Luxury Goods,3047765,9,In-Store,2,1,Medium,TRUE,FALSE,Impulsive
42-518-2602,30,Male,Middle,Surabaya,Home Appliances,7346380,12,Online,2,4,Medium,TRUE,TRUE,Planned
35-850-8676,24,Female,High,Bandung,Luxury Goods,7324060,8,Mixed,3,5,Low,FALSE,FALSE,Wants-based
07-958-2231,27,Female,Middle,Makassar,Baby Products,5204900,9,In-Store,2,1,None,TRUE,TRUE,Planned
78-503-0416,25,Male,Middle,Surabaya,Luxury Goods,1326335,12,Mixed,5,5,Low,TRUE,FALSE,Wants-based
46-167-7999,44,Female,Middle,Jakarta,Beauty & Personal Care,1681750,11,Online,1,3,None,FALSE,FALSE,Impulsive
93-989-8649,26,Male,Middle,Surabaya,Food & Beverages,2673750,8,Mixed,3,2,Medium,TRUE,TRUE,Planned
98-130-8811,18,Female,High,Bandung,Electronics,3298400,6,Mixed,4,4,None,TRUE,TRUE,Need-based
18-614-2070,47,Female,Middle,Makassar,Baby Products,5028355,7,In-Store,1,5,None,TRUE,FALSE,Need-based
80-277-3242,36,Male,High,Medan,Travel & Leisure (Flights,5307045,8,In-Store,2,1,Low,FALSE,FALSE,Wants-based
44-949-9040,23,Female,High,Surabaya,Health Care,6926330,9,Mixed,1,1,None,FALSE,TRUE,Need-based
04-545-9162,49,Male,High,Papua,Electronics,7178825,3,In-Store,1,5,None,TRUE,FALSE,Planned
51-320-2801,27,Female,High,Makassar,Groceries,1906345,12,Mixed,4,2,High,TRUE,TRUE,Need-based
50-510-5119,43,Male,High,Jakarta,Beauty & Personal Care,4997200,7,Mixed,2,5,Medium,TRUE,TRUE,Need-based
63-964-6954,19,Female,High,Surabaya,Health Care,1134445,5,Online,4,2,Low,FALSE,TRUE,Wants-based
55-569-9247,41,Female,Middle,Makassar,Toys & Games,4325740,10,In-Store,4,2,High,FALSE,FALSE,Planned
02-911-0447,29,Female,Middle,Bandung,Travel & Leisure (Flights,7422175,10,Mixed,4,5,None,FALSE,FALSE,Need-based
77-626-7240,25,Male,High,Papua,Food & Beverages,1339045,5,Mixed,3,5,High,FALSE,FALSE,Impulsive
75-915-9803,45,Male,High,Bandung,Baby Products,2981425,4,Online,2,1,High,TRUE,TRUE,Impulsive
78-905-2660,36,Female,Middle,Surabaya,Beauty & Personal Care,3647460,7,Online,4,2,Medium,FALSE,TRUE,Need-based
02-677-6735,21,Female,High,Medan,Electronics,3295765,8,In-Store,2,3,Low,FALSE,FALSE,Impulsive
20-460-9796,47,Female,Middle,Papua,Food & Beverages,3822765,8,Online,3,3,None,TRUE,TRUE,Impulsive
57-587-4005,26,Female,Middle,Makassar,Toys & Games,3541285,9,Online,4,3,None,FALSE,TRUE,Wants-based
99-477-8256,25,Female,Middle,Papua,Gardening & Outdoors,5328435,6,In-Store,2,4,Low,TRUE,FALSE,Need-based
03-992-3728,26,Female,Middle,Medan,Groceries,5259460,9,Mixed,5,4,Medium,FALSE,TRUE,Need-based
24-878-4507,34,Male,High,Surabaya,Clothing,5069275,9,In-Store,2,5,Low,FALSE,FALSE,Impulsive
22-106-8347,48,Male,High,Makassar,Toys & Games,5183975,2,Mixed,4,4,Medium,TRUE,FALSE,Need-based
81-479-0790,19,Male,High,Makassar,Food & Beverages,5675480,12,In-Store,5,2,Medium,FALSE,TRUE,Wants-based
03-023-9932,37,Female,High,Makassar,Groceries,7467590,8,Mixed,3,5,Medium,TRUE,TRUE,Wants-based
36-632-2460,23,Female,High,Bandung,Gardening & Outdoors,2037940,8,In-Store,3,5,None,TRUE,FALSE,Impulsive
32-799-7704,34,Female,High,Papua,Health Care,6244330,11,In-Store,1,1,High,FALSE,FALSE,Planned
09-369-0588,42,Male,High,Jakarta,Gardening & Outdoors,5164290,6,Online,2,2,Medium,TRUE,TRUE,Need-based
87-727-6434,28,Female,High,Jakarta,Arts & Crafts,1135065,8,Online,5,2,Low,TRUE,TRUE,Wants-based
18-793-9543,28,Male,High,Makassar,Furniture,6982285,11,Online,5,4,None,TRUE,TRUE,Impulsive
63-625-5757,33,Male,Middle,Jakarta,Food & Beverages,2723970,5,Online,5,2,Medium,FALSE,TRUE,Wants-based
93-413-4758,31,Female,Middle,Papua,Hotels,2830300,4,Online,3,5,Low,FALSE,FALSE,Wants-based
15-663-7994,20,Female,Middle,Surabaya,Jewelry & Accessories,7715900,2,In-Store,1,3,High,TRUE,TRUE,Wants-based
29-319-4519,32,Male,High,Makassar,Food & Beverages,2653135,4,In-Store,4,5,High,FALSE,TRUE,Wants-based
40-347-2903,27,Female,Middle,Papua,Jewelry & Accessories,6600210,3,In-Store,5,1,Low,TRUE,TRUE,Planned
18-452-1635,19,Female,Middle,Bandung,Sports & Outdoors,3263990,10,Online,5,4,Low,TRUE,TRUE,Planned
47-710-5471,50,Male,Middle,Medan,Beauty & Personal Care,3094420,11,In-Store,5,5,High,FALSE,TRUE,Wants-based
88-167-7129,40,Male,High,Jakarta,Packages),2514410,10,Online,3,4,High,TRUE,TRUE,Wants-based
86-771-9082,20,Male,High,Makassar,Sports & Outdoors,6227125,8,Online,3,3,None,FALSE,FALSE,Need-based
46-678-4172,24,Female,Middle,Medan,Luxury Goods,5671140,12,Mixed,2,3,Medium,TRUE,TRUE,Impulsive
14-249-1256,46,Male,Middle,Papua,Beauty & Personal Care,903495,6,Mixed,1,1,Medium,FALSE,TRUE,Wants-based
75-617-1460,50,Male,High,Papua,Health Supplements,1036330,3,Mixed,3,1,Medium,TRUE,TRUE,Wants-based
10-247-0192,29,Female,High,Jakarta,Groceries,4329770,5,Online,3,4,Medium,FALSE,TRUE,Impulsive
94-120-9525,34,Female,High,Medan,Electronics,5556750,3,Online,2,1,Medium,FALSE,TRUE,Impulsive
22-234-9315,44,Female,High,Bandung,Jewelry & Accessories,5594260,7,Online,2,2,None,FALSE,FALSE,Wants-based
37-560-7247,38,Male,Middle,Medan,Groceries,5802580,4,Online,4,2,None,FALSE,TRUE,Planned
91-857-0797,22,Female,High,Bandung,Baby Products,6748235,11,Online,4,4,Low,TRUE,TRUE,Planned
19-344-0102,44,Male,High,Bandung,Home Appliances,7119150,9,Mixed,5,1,None,FALSE,FALSE,Wants-based
48-609-7715,43,Female,High,Bandung,Jewelry & Accessories,6616795,2,Mixed,1,2,High,TRUE,TRUE,Wants-based
13-571-6506,25,Male,Middle,Bandung,Animal Feed,5663235,8,Online,3,2,Low,TRUE,FALSE,Wants-based
47-073-6440,21,Female,Middle,Medan,Mobile Accessories,7552375,4,Online,5,3,High,FALSE,FALSE,Wants-based
50-303-1693,29,Female,Middle,Bandung,Baby Products,2901910,10,Mixed,3,4,Medium,FALSE,TRUE,Need-based
69-157-9577,41,Male,High,Makassar,Toys & Games,6150710,7,Online,2,3,None,TRUE,FALSE,Need-based
09-513-4923,38,Female,High,Medan,Travel & Leisure (Flights,3824470,10,Mixed,5,1,Medium,FALSE,TRUE,Planned
82-975-8569,26,Male,High,Jakarta,Luxury Goods,1995470,12,In-Store,3,3,Medium,FALSE,FALSE,Impulsive
70-774-7728,41,Female,Middle,Surabaya,Toys & Games,5264265,2,Mixed,4,3,Medium,TRUE,FALSE,Impulsive
13-015-8097,46,Female,High,Papua,Sports & Outdoors,3465490,11,Mixed,1,1,High,FALSE,FALSE,Planned
68-391-7279,39,Male,High,Medan,Gardening & Outdoors,6927260,5,Mixed,4,3,Medium,TRUE,TRUE,Wants-based